,shoulderRx,shoulderRy,hipRx,hipRy,kneeRx,kneeRy,shoulderLx,shoulderLy,hipLx,hipLy,kneeLx,kneeLy,fall
29,0.4975462853908539,0.7009479403495789,0.6901568174362183,0.6697460412979126,0.6888664960861206,0.6195557117462158,0.4975462853908539,0.7009479403495789,0.6901568174362183,0.6697460412979126,0.6888664960861206,0.6195557117462158,1
170,0.3823789954185486,0.47260740399360657,0.4727533459663391,0.8985589742660522,0.68857342004776,0.7008389234542847,0.3823789954185486,0.47260740399360657,0.4727533459663391,0.8985589742660522,0.68857342004776,0.7008389234542847,0
91,0.742231011390686,0.5834792852401733,0.5155388116836548,0.46872320771217346,0.4070650637149811,0.45523592829704285,0.742231011390686,0.5834792852401733,0.5155388116836548,0.46872320771217346,0.4070650637149811,0.45523592829704285,0
117,0.4043959975242615,0.40815818309783936,0.48972806334495544,0.7901200652122498,0.34763333201408386,0.7528738379478455,0.4043959975242615,0.40815818309783936,0.48972806334495544,0.7901200652122498,0.34763333201408386,0.7528738379478455,0
179,0.6227008104324341,0.34881219267845154,0.6033431887626648,0.7997710704803467,0.4069734811782837,0.5233567357063293,0.6227008104324341,0.34881219267845154,0.6033431887626648,0.7997710704803467,0.4069734811782837,0.5233567357063293,0
80,0.3516623377799988,0.6987183094024658,0.5520544648170471,0.5812281370162964,0.6429744362831116,0.5034549236297607,0.3516623377799988,0.6987183094024658,0.5520544648170471,0.5812281370162964,0.6429744362831116,0.5034549236297607,1
137,0.37554389238357544,0.4543895125389099,0.45923861861228943,0.7625604867935181,0.4907303750514984,1.0467621088027954,0.37554389238357544,0.4543895125389099,0.45923861861228943,0.7625604867935181,0.4907303750514984,1.0467621088027954,0
79,0.39940059185028076,0.5354920029640198,0.5588502287864685,0.4587174355983734,0.4840511679649353,0.541673481464386,0.39940059185028076,0.5354920029640198,0.5588502287864685,0.4587174355983734,0.4840511679649353,0.541673481464386,1
124,0.35929954051971436,0.2689806818962097,0.39275825023651123,0.49057525396347046,0.4143429100513458,0.5354372262954712,0.35929954051971436,0.2689806818962097,0.39275825023651123,0.49057525396347046,0.4143429100513458,0.5354372262954712,0
161,0.30261823534965515,0.41945940256118774,0.3364420533180237,0.6660884618759155,0.3149053454399109,0.5758805871009827,0.30261823534965515,0.41945940256118774,0.3364420533180237,0.6660884618759155,0.3149053454399109,0.5758805871009827,0
58,0.2806442081928253,0.49812227487564087,0.5703585743904114,0.46003031730651855,0.7303258776664734,0.4162604808807373,0.2806442081928253,0.49812227487564087,0.5703585743904114,0.46003031730651855,0.7303258776664734,0.4162604808807373,1
184,0.20764054358005524,1.0324627161026,0.17106673121452332,2.128190279006958,0.2677089273929596,2.001527786254883,0.20764054358005524,1.0324627161026,0.17106673121452332,2.128190279006958,0.2677089273929596,2.001527786254883,0
111,0.30652427673339844,0.5231819152832031,0.3876909017562866,0.7445023655891418,0.5381266474723816,0.7227128744125366,0.30652427673339844,0.5231819152832031,0.3876909017562866,0.7445023655891418,0.5381266474723816,0.7227128744125366,0
105,0.45699697732925415,0.452020525932312,0.5017690658569336,0.7591325044631958,0.5259420871734619,0.6796731948852539,0.45699697732925415,0.452020525932312,0.5017690658569336,0.7591325044631958,0.5259420871734619,0.6796731948852539,0
147,0.3590438961982727,0.40471524000167847,0.3319944143295288,0.8037325143814087,0.4403935372829437,0.5087350010871887,0.3590438961982727,0.40471524000167847,0.3319944143295288,0.8037325143814087,0.4403935372829437,0.5087350010871887,0
130,0.18227919936180115,0.32851842045783997,0.23476754128932953,0.8850574493408203,-0.0068848393857479095,0.7932894229888916,0.18227919936180115,0.32851842045783997,0.23476754128932953,0.8850574493408203,-0.0068848393857479095,0.7932894229888916,0
180,0.538129448890686,0.3336053788661957,0.5203295946121216,0.6552996635437012,0.39444470405578613,0.5902419090270996,0.538129448890686,0.3336053788661957,0.5203295946121216,0.6552996635437012,0.39444470405578613,0.5902419090270996,0
26,0.2022487372159958,0.348906934261322,0.2265411764383316,0.5007028579711914,0.34741729497909546,0.5644446015357971,0.2022487372159958,0.348906934261322,0.2265411764383316,0.5007028579711914,0.34741729497909546,0.5644446015357971,1
65,0.612135112285614,0.3557039797306061,0.5617486238479614,0.39015355706214905,0.58201003074646,0.33828866481781006,0.612135112285614,0.3557039797306061,0.5617486238479614,0.39015355706214905,0.58201003074646,0.33828866481781006,1
57,0.33609646558761597,0.48444297909736633,0.43122613430023193,0.4943161904811859,0.6204655170440674,0.576643705368042,0.33609646558761597,0.48444297909736633,0.43122613430023193,0.4943161904811859,0.6204655170440674,0.576643705368042,1
175,0.31450381875038147,0.30024808645248413,0.35065415501594543,0.6012880802154541,0.37218111753463745,0.7852388620376587,0.31450381875038147,0.30024808645248413,0.35065415501594543,0.6012880802154541,0.37218111753463745,0.7852388620376587,0
98,0.3794696629047394,0.23726725578308105,0.4223048686981201,0.48196521401405334,0.2302100956439972,0.6397354602813721,0.3794696629047394,0.23726725578308105,0.4223048686981201,0.48196521401405334,0.2302100956439972,0.6397354602813721,0
39,0.23307770490646362,0.7511851191520691,0.687879741191864,0.6577484607696533,0.6682789325714111,0.4816080331802368,0.23307770490646362,0.7511851191520691,0.687879741191864,0.6577484607696533,0.6682789325714111,0.4816080331802368,1
85,0.5437173843383789,1.0594052076339722,1.0028283596038818,0.7806620597839355,1.3380787372589111,0.5019746422767639,0.5437173843383789,1.0594052076339722,1.0028283596038818,0.7806620597839355,1.3380787372589111,0.5019746422767639,1
42,0.5841809511184692,0.5124186873435974,0.5950380563735962,0.42574700713157654,0.4688883423805237,0.39219531416893005,0.5841809511184692,0.5124186873435974,0.5950380563735962,0.42574700713157654,0.4688883423805237,0.39219531416893005,1
196,0.40521034598350525,0.5277320146560669,0.48939093947410583,0.8344395756721497,0.5916544198989868,0.823267936706543,0.40521034598350525,0.5277320146560669,0.48939093947410583,0.8344395756721497,0.5916544198989868,0.823267936706543,0
154,0.4576844573020935,0.39002421498298645,0.5159512758255005,0.5788317918777466,0.5352646708488464,0.7739603519439697,0.4576844573020935,0.39002421498298645,0.5159512758255005,0.5788317918777466,0.5352646708488464,0.7739603519439697,0
178,0.48105743527412415,0.3331398069858551,0.48216307163238525,0.6866796016693115,0.2415246069431305,0.6295315623283386,0.48105743527412415,0.3331398069858551,0.48216307163238525,0.6866796016693115,0.2415246069431305,0.6295315623283386,0
7,0.5750873684883118,0.502480149269104,0.752185046672821,0.46952322125434875,0.44169867038726807,0.5740918517112732,0.5750873684883118,0.502480149269104,0.752185046672821,0.46952322125434875,0.44169867038726807,0.5740918517112732,1
145,0.5194215178489685,0.39253830909729004,0.5931054353713989,0.7858386039733887,0.4525439441204071,0.4741237759590149,0.5194215178489685,0.39253830909729004,0.5931054353713989,0.7858386039733887,0.4525439441204071,0.4741237759590149,0
12,0.07154428213834763,0.49978479743003845,0.529782235622406,0.473618745803833,0.5222167372703552,0.4100644290447235,0.07154428213834763,0.49978479743003845,0.529782235622406,0.473618745803833,0.5222167372703552,0.4100644290447235,1
128,0.37053704261779785,0.5533286333084106,0.4583909809589386,0.9498758912086487,0.4525686502456665,1.3672876358032227,0.37053704261779785,0.5533286333084106,0.4583909809589386,0.9498758912086487,0.4525686502456665,1.3672876358032227,0
126,0.23436452448368073,0.28151917457580566,0.3019668757915497,0.7810652852058411,0.4396587908267975,0.5269356369972229,0.23436452448368073,0.28151917457580566,0.3019668757915497,0.7810652852058411,0.4396587908267975,0.5269356369972229,0
139,0.45174357295036316,0.3843909502029419,0.47157230973243713,0.595140814781189,0.46210819482803345,0.7550473213195801,0.45174357295036316,0.3843909502029419,0.47157230973243713,0.595140814781189,0.46210819482803345,0.7550473213195801,0
155,0.3074289560317993,0.39166563749313354,0.41472774744033813,0.5653806328773499,0.554604709148407,0.7381426095962524,0.3074289560317993,0.39166563749313354,0.41472774744033813,0.5653806328773499,0.554604709148407,0.7381426095962524,0
168,0.40845566987991333,0.40103280544281006,0.45590487122535706,0.8124524354934692,0.4814609885215759,1.2200181484222412,0.40845566987991333,0.40103280544281006,0.45590487122535706,0.8124524354934692,0.4814609885215759,1.2200181484222412,0
100,0.4680193066596985,0.4356095492839813,0.45977455377578735,0.7343104481697083,0.4226433038711548,0.7744759321212769,0.4680193066596985,0.4356095492839813,0.45977455377578735,0.7343104481697083,0.4226433038711548,0.7744759321212769,0
167,0.4467957615852356,0.4694008529186249,0.4726237952709198,0.8388698101043701,0.381008118391037,0.8444682359695435,0.4467957615852356,0.4694008529186249,0.4726237952709198,0.8388698101043701,0.381008118391037,0.8444682359695435,0
0,0.35259386897087097,0.9157387614250183,0.29103246331214905,0.7563528418540955,0.27177003026008606,0.7179260849952698,0.35259386897087097,0.9157387614250183,0.29103246331214905,0.7563528418540955,0.27177003026008606,0.7179260849952698,1
46,0.5970649719238281,0.3722797930240631,0.6354326009750366,0.4185422658920288,0.5846838355064392,0.49891021847724915,0.5970649719238281,0.3722797930240631,0.6354326009750366,0.4185422658920288,0.5846838355064392,0.49891021847724915,1
134,-0.052025627344846725,1.0085920095443726,0.028603369370102882,1.8538750410079956,0.11122845858335495,1.2086313962936401,-0.052025627344846725,1.0085920095443726,0.028603369370102882,1.8538750410079956,0.11122845858335495,1.2086313962936401,0
68,0.5162777304649353,0.6599635481834412,0.4480840563774109,0.5165345668792725,0.4385314881801605,0.5879231095314026,0.5162777304649353,0.6599635481834412,0.4480840563774109,0.5165345668792725,0.4385314881801605,0.5879231095314026,1
47,0.7399575710296631,0.4322303235530853,0.7563958764076233,0.4381433427333832,0.7321658730506897,0.31753379106521606,0.7399575710296631,0.4322303235530853,0.7563958764076233,0.4381433427333832,0.7321658730506897,0.31753379106521606,1
162,0.2305828034877777,0.5926492810249329,0.34392112493515015,0.8256776332855225,0.4492552578449249,0.6142171621322632,0.2305828034877777,0.5926492810249329,0.34392112493515015,0.8256776332855225,0.4492552578449249,0.6142171621322632,0
197,0.446622371673584,0.2845233678817749,0.4655565321445465,0.610912024974823,0.42457640171051025,0.6835059523582458,0.446622371673584,0.2845233678817749,0.4655565321445465,0.610912024974823,0.42457640171051025,0.6835059523582458,0
169,0.45627281069755554,0.4040105640888214,0.4991558790206909,0.7471668124198914,0.48355141282081604,0.45984718203544617,0.45627281069755554,0.4040105640888214,0.4991558790206909,0.7471668124198914,0.48355141282081604,0.45984718203544617,0
18,0.5200791358947754,0.35163071751594543,0.7765796184539795,0.3260331153869629,0.8102043271064758,0.35622909665107727,0.5200791358947754,0.35163071751594543,0.7765796184539795,0.3260331153869629,0.8102043271064758,0.35622909665107727,1
87,0.4800666868686676,0.575710654258728,0.5841020345687866,0.5000745058059692,0.6464817523956299,0.3129577338695526,0.4800666868686676,0.575710654258728,0.5841020345687866,0.5000745058059692,0.6464817523956299,0.3129577338695526,1
164,0.42925140261650085,0.4508655369281769,0.440835177898407,0.6002315878868103,0.41346755623817444,0.5956587195396423,0.42925140261650085,0.4508655369281769,0.440835177898407,0.6002315878868103,0.41346755623817444,0.5956587195396423,0
51,0.30233460664749146,0.6031869053840637,0.43659740686416626,0.49820831418037415,0.5084731578826904,0.4500284194946289,0.30233460664749146,0.6031869053840637,0.43659740686416626,0.49820831418037415,0.5084731578826904,0.4500284194946289,1
16,0.4412314295768738,0.35423022508621216,0.6260333061218262,0.4030531942844391,0.7298761010169983,0.47001248598098755,0.4412314295768738,0.35423022508621216,0.6260333061218262,0.4030531942844391,0.7298761010169983,0.47001248598098755,1
95,0.5347521901130676,0.358051598072052,0.3298233151435852,0.4461016356945038,0.19174040853977203,0.39759165048599243,0.5347521901130676,0.358051598072052,0.3298233151435852,0.4461016356945038,0.19174040853977203,0.39759165048599243,0
183,0.2701852023601532,1.084197759628296,0.3263132572174072,2.224489212036133,0.18846525251865387,1.2082140445709229,0.2701852023601532,1.084197759628296,0.3263132572174072,2.224489212036133,0.18846525251865387,1.2082140445709229,0
17,0.5621770024299622,0.4153348505496979,0.7886667251586914,0.46888217329978943,0.9065826535224915,0.4595527946949005,0.5621770024299622,0.4153348505496979,0.7886667251586914,0.46888217329978943,0.9065826535224915,0.4595527946949005,1
40,0.34584611654281616,0.33578386902809143,0.5287908911705017,0.4675920903682709,0.43432188034057617,0.6636262536048889,0.34584611654281616,0.33578386902809143,0.5287908911705017,0.4675920903682709,0.43432188034057617,0.6636262536048889,1
76,0.43824759125709534,0.6735397577285767,0.5535021424293518,0.7155676484107971,0.6377315521240234,0.6280966401100159,0.43824759125709534,0.6735397577285767,0.5535021424293518,0.7155676484107971,0.6377315521240234,0.6280966401100159,1
66,0.4702725112438202,0.38729605078697205,0.603402316570282,0.44539788365364075,0.6522954702377319,0.6002737283706665,0.4702725112438202,0.38729605078697205,0.603402316570282,0.44539788365364075,0.6522954702377319,0.6002737283706665,1
56,0.36917203664779663,0.63068026304245,0.660420835018158,0.46999648213386536,0.8612809777259827,0.4209028482437134,0.36917203664779663,0.63068026304245,0.660420835018158,0.46999648213386536,0.8612809777259827,0.4209028482437134,1
115,0.5332437753677368,0.4339575171470642,0.5752729773521423,0.7734887003898621,0.494564950466156,0.8215004801750183,0.5332437753677368,0.4339575171470642,0.5752729773521423,0.7734887003898621,0.494564950466156,0.8215004801750183,0
99,0.4610113501548767,0.4326494336128235,0.45291250944137573,0.828478217124939,0.4196472465991974,1.283715009689331,0.4610113501548767,0.4326494336128235,0.45291250944137573,0.828478217124939,0.4196472465991974,1.283715009689331,0
123,0.4852420389652252,0.3923376202583313,0.4834394156932831,0.5761601328849792,0.48938173055648804,0.6950812339782715,0.4852420389652252,0.3923376202583313,0.4834394156932831,0.5761601328849792,0.48938173055648804,0.6950812339782715,0
103,0.5110448598861694,0.3892784118652344,0.4987504780292511,0.6211466789245605,0.51298987865448,0.6829803586006165,0.5110448598861694,0.3892784118652344,0.4987504780292511,0.6211466789245605,0.51298987865448,0.6829803586006165,0
4,0.3809964656829834,0.5483335256576538,0.5190343260765076,0.4904336631298065,0.5068308115005493,0.5936379432678223,0.3809964656829834,0.5483335256576538,0.5190343260765076,0.4904336631298065,0.5068308115005493,0.5936379432678223,1
93,0.3889481723308563,0.5551785230636597,0.4066355526447296,0.5968310832977295,0.5810010433197021,0.6488008499145508,0.3889481723308563,0.5551785230636597,0.4066355526447296,0.5968310832977295,0.5810010433197021,0.6488008499145508,0
14,0.5228937864303589,0.4685336649417877,0.681400716304779,0.5093709230422974,0.6746491193771362,0.6060349345207214,0.5228937864303589,0.4685336649417877,0.681400716304779,0.5093709230422974,0.6746491193771362,0.6060349345207214,1
174,0.18181666731834412,0.3679388165473938,0.24193410575389862,0.7539616227149963,0.24686090648174286,1.2115412950515747,0.18181666731834412,0.3679388165473938,0.24193410575389862,0.7539616227149963,0.24686090648174286,1.2115412950515747,0
138,0.1575312316417694,0.3765736520290375,0.20851844549179077,0.7006006836891174,0.2271878868341446,0.9445027112960815,0.1575312316417694,0.3765736520290375,0.20851844549179077,0.7006006836891174,0.2271878868341446,0.9445027112960815,0
5,0.44230568408966064,0.3741488754749298,0.8192556500434875,0.3004375100135803,1.0347920656204224,0.4572266936302185,0.44230568408966064,0.3741488754749298,0.8192556500434875,0.3004375100135803,1.0347920656204224,0.4572266936302185,1
41,0.6209219098091125,0.33660534024238586,0.6160675883293152,0.3102746307849884,0.5133567452430725,0.2904927432537079,0.6209219098091125,0.33660534024238586,0.6160675883293152,0.3102746307849884,0.5133567452430725,0.2904927432537079,1
189,0.22972536087036133,0.32282495498657227,0.3062840402126312,0.5797578692436218,0.5494398474693298,0.3998119831085205,0.22972536087036133,0.32282495498657227,0.3062840402126312,0.5797578692436218,0.5494398474693298,0.3998119831085205,0
151,0.26801303029060364,0.5827451348304749,0.38126182556152344,0.67750084400177,0.376415491104126,0.7515791654586792,0.26801303029060364,0.5827451348304749,0.38126182556152344,0.67750084400177,0.376415491104126,0.7515791654586792,0
53,0.3067214787006378,0.5905227065086365,0.42072439193725586,0.49655550718307495,0.5106964111328125,0.5994610786437988,0.3067214787006378,0.5905227065086365,0.42072439193725586,0.49655550718307495,0.5106964111328125,0.5994610786437988,1
191,0.5924918055534363,0.4369714558124542,0.5913273692131042,0.705094039440155,0.45937857031822205,0.8052039742469788,0.5924918055534363,0.4369714558124542,0.5913273692131042,0.705094039440155,0.45937857031822205,0.8052039742469788,0
49,0.2635473310947418,0.555368185043335,0.48736491799354553,0.4645273983478546,0.6175305843353271,0.481949120759964,0.2635473310947418,0.555368185043335,0.48736491799354553,0.4645273983478546,0.6175305843353271,0.481949120759964,1
37,0.33273252844810486,0.7265403270721436,0.6911851763725281,0.5998004078865051,0.7865924835205078,0.41217777132987976,0.33273252844810486,0.7265403270721436,0.6911851763725281,0.5998004078865051,0.7865924835205078,0.41217777132987976,1
31,0.40136390924453735,0.6818550229072571,0.6067630052566528,0.6177311539649963,0.5652406811714172,0.6885573267936707,0.40136390924453735,0.6818550229072571,0.6067630052566528,0.6177311539649963,0.5652406811714172,0.6885573267936707,1
177,0.3457566797733307,0.4912711977958679,0.4007508456707001,0.7029962539672852,0.48216748237609863,0.553674578666687,0.3457566797733307,0.4912711977958679,0.4007508456707001,0.7029962539672852,0.48216748237609863,0.553674578666687,0
144,0.31560951471328735,0.426148921251297,0.4332638382911682,0.7279304265975952,0.23752814531326294,0.46812698245048523,0.31560951471328735,0.426148921251297,0.4332638382911682,0.7279304265975952,0.23752814531326294,0.46812698245048523,0
86,0.886233925819397,0.5975123643875122,1.2587836980819702,0.47026365995407104,1.667788028717041,0.3413566052913666,0.886233925819397,0.5975123643875122,1.2587836980819702,0.47026365995407104,1.667788028717041,0.3413566052913666,1
158,0.2764069139957428,0.4066445827484131,0.40951958298683167,0.7530567646026611,0.3401733934879303,0.9270363450050354,0.2764069139957428,0.4066445827484131,0.40951958298683167,0.7530567646026611,0.3401733934879303,0.9270363450050354,0
77,0.2224668562412262,0.44857192039489746,0.4347301423549652,0.614454984664917,0.4625222980976105,0.560021698474884,0.2224668562412262,0.44857192039489746,0.4347301423549652,0.614454984664917,0.4625222980976105,0.560021698474884,1
70,0.3222862482070923,0.48047417402267456,0.37994933128356934,0.39051029086112976,0.40799862146377563,0.4623201787471771,0.3222862482070923,0.48047417402267456,0.37994933128356934,0.39051029086112976,0.40799862146377563,0.4623201787471771,1
81,0.5830956697463989,0.7919444441795349,0.6544904112815857,0.7174115180969238,0.778136134147644,0.5801485776901245,0.5830956697463989,0.7919444441795349,0.6544904112815857,0.7174115180969238,0.778136134147644,0.5801485776901245,1
190,0.4294051229953766,0.45368462800979614,0.4733279347419739,0.643094539642334,0.5492151379585266,0.6760768890380859,0.4294051229953766,0.45368462800979614,0.4733279347419739,0.643094539642334,0.5492151379585266,0.6760768890380859,0
34,0.5510312914848328,0.7489322423934937,0.6285486817359924,0.7360844612121582,0.5202455520629883,0.5927837491035461,0.5510312914848328,0.7489322423934937,0.6285486817359924,0.7360844612121582,0.5202455520629883,0.5927837491035461,1
35,0.46030983328819275,0.8066635727882385,0.7470520734786987,0.7553637027740479,0.6870186924934387,0.7042625546455383,0.46030983328819275,0.8066635727882385,0.7470520734786987,0.7553637027740479,0.6870186924934387,0.7042625546455383,1
59,0.33742794394493103,0.5560689568519592,0.6416777968406677,0.5107636451721191,0.7993465065956116,0.6972998380661011,0.33742794394493103,0.5560689568519592,0.6416777968406677,0.5107636451721191,0.7993465065956116,0.6972998380661011,1
36,0.2844601273536682,0.7374255657196045,0.6405415534973145,0.6354634165763855,0.6508230566978455,0.6138003468513489,0.2844601273536682,0.7374255657196045,0.6405415534973145,0.6354634165763855,0.6508230566978455,0.6138003468513489,1
22,0.8081297874450684,0.3361331522464752,1.2875702381134033,0.2766663134098053,1.7028218507766724,0.34479600191116333,0.8081297874450684,0.3361331522464752,1.2875702381134033,0.2766663134098053,1.7028218507766724,0.34479600191116333,1
69,0.4723677337169647,0.5451875329017639,0.3454306125640869,0.35378724336624146,0.3092212378978729,0.507423460483551,0.4723677337169647,0.5451875329017639,0.3454306125640869,0.35378724336624146,0.3092212378978729,0.507423460483551,1
6,0.535576343536377,0.6252923607826233,0.8466189503669739,0.5835824608802795,0.9735580682754517,0.6119077801704407,0.535576343536377,0.6252923607826233,0.8466189503669739,0.5835824608802795,0.9735580682754517,0.6119077801704407,1
146,0.2637924253940582,0.35024961829185486,0.3271324932575226,0.6919539570808411,0.4171203374862671,0.3920707404613495,0.2637924253940582,0.35024961829185486,0.3271324932575226,0.6919539570808411,0.4171203374862671,0.3920707404613495,0
181,0.31309154629707336,0.5140260457992554,0.36527910828590393,0.8527976870536804,0.3932311236858368,1.0252066850662231,0.31309154629707336,0.5140260457992554,0.36527910828590393,0.8527976870536804,0.3932311236858368,1.0252066850662231,0
173,0.3731994926929474,0.23296944797039032,0.3883203864097595,0.4846374988555908,0.30336347222328186,0.6846806406974792,0.3731994926929474,0.23296944797039032,0.3883203864097595,0.4846374988555908,0.30336347222328186,0.6846806406974792,0
71,0.2582854926586151,0.5125548839569092,0.37897029519081116,0.507271945476532,0.45511841773986816,0.663724422454834,0.2582854926586151,0.5125548839569092,0.37897029519081116,0.507271945476532,0.45511841773986816,0.663724422454834,1
67,0.8345907330513,0.2619594931602478,0.7005143761634827,0.2548707127571106,0.6342092752456665,0.1403806358575821,0.8345907330513,0.2619594931602478,0.7005143761634827,0.2548707127571106,0.6342092752456665,0.1403806358575821,1
2,0.3747206926345825,0.6143686175346375,0.54225754737854,0.5598837733268738,0.6854811310768127,0.5307143330574036,0.3747206926345825,0.6143686175346375,0.54225754737854,0.5598837733268738,0.6854811310768127,0.5307143330574036,1
88,0.7092362642288208,0.22608914971351624,0.5386224389076233,0.20771458745002747,0.5374389886856079,0.2977113425731659,0.7092362642288208,0.22608914971351624,0.5386224389076233,0.20771458745002747,0.5374389886856079,0.2977113425731659,1
94,0.687548041343689,0.690362274646759,0.413931667804718,0.64603191614151,0.31102511286735535,0.49699729681015015,0.687548041343689,0.690362274646759,0.413931667804718,0.64603191614151,0.31102511286735535,0.49699729681015015,0
15,0.40718838572502136,0.16650505363941193,0.5711838603019714,0.24489235877990723,0.607714056968689,0.2574450373649597,0.40718838572502136,0.16650505363941193,0.5711838603019714,0.24489235877990723,0.607714056968689,0.2574450373649597,1
120,0.5283599495887756,0.36370328068733215,0.5653151273727417,0.5848948955535889,0.5850751399993896,0.732795774936676,0.5283599495887756,0.36370328068733215,0.5653151273727417,0.5848948955535889,0.5850751399993896,0.732795774936676,0
19,0.3250153958797455,0.36805662512779236,0.7084517478942871,0.34662389755249023,0.7318453788757324,0.278192400932312,0.3250153958797455,0.36805662512779236,0.7084517478942871,0.34662389755249023,0.7318453788757324,0.278192400932312,1
152,0.49118682742118835,0.3216567933559418,0.5033740401268005,0.4639163613319397,0.523757815361023,0.6504743695259094,0.49118682742118835,0.3216567933559418,0.5033740401268005,0.4639163613319397,0.523757815361023,0.6504743695259094,0
33,0.34448152780532837,0.41543349623680115,0.535701334476471,0.4344678819179535,0.5484395027160645,0.5128811597824097,0.34448152780532837,0.41543349623680115,0.535701334476471,0.4344678819179535,0.5484395027160645,0.5128811597824097,1
127,0.3082422912120819,0.2605304419994354,0.4247889220714569,0.6231396794319153,0.502164363861084,0.4447999894618988,0.3082422912120819,0.2605304419994354,0.4247889220714569,0.6231396794319153,0.502164363861084,0.4447999894618988,0
159,0.6443229913711548,0.43831539154052734,0.7118015289306641,0.5605571269989014,0.6158502101898193,0.6149529218673706,0.6443229913711548,0.43831539154052734,0.7118015289306641,0.5605571269989014,0.6158502101898193,0.6149529218673706,0
60,0.3321402072906494,0.46734747290611267,0.5991638898849487,0.4141022562980652,0.6448557376861572,0.48734432458877563,0.3321402072906494,0.46734747290611267,0.5991638898849487,0.4141022562980652,0.6448557376861572,0.48734432458877563,1
9,0.3218268156051636,0.4404587149620056,0.5799067616462708,0.4036467671394348,0.347648024559021,0.505256712436676,0.3218268156051636,0.4404587149620056,0.5799067616462708,0.4036467671394348,0.347648024559021,0.505256712436676,1
149,0.5390889048576355,0.4093571603298187,0.4974075257778168,0.6842053532600403,0.46638554334640503,0.6466189622879028,0.5390889048576355,0.4093571603298187,0.4974075257778168,0.6842053532600403,0.46638554334640503,0.6466189622879028,0
136,0.3227465748786926,0.24720774590969086,0.40415650606155396,0.5147076845169067,0.4328928589820862,0.7075928449630737,0.3227465748786926,0.24720774590969086,0.40415650606155396,0.5147076845169067,0.4328928589820862,0.7075928449630737,0
140,0.5612594485282898,0.26342833042144775,0.5579160451889038,0.5030946135520935,0.5366696715354919,0.5360445380210876,0.5612594485282898,0.26342833042144775,0.5579160451889038,0.5030946135520935,0.5366696715354919,0.5360445380210876,0
3,0.35886746644973755,0.530166506767273,0.5766533017158508,0.4576200544834137,0.7268003821372986,0.32151132822036743,0.35886746644973755,0.530166506767273,0.5766533017158508,0.4576200544834137,0.7268003821372986,0.32151132822036743,1
62,0.3236474096775055,0.481991171836853,0.6910800933837891,0.4017588198184967,0.6719875335693359,0.4205746352672577,0.3236474096775055,0.481991171836853,0.6910800933837891,0.4017588198184967,0.6719875335693359,0.4205746352672577,1
8,0.5015084743499756,0.5327581763267517,0.8289039134979248,0.5121532082557678,0.6647129654884338,0.4845982491970062,0.5015084743499756,0.5327581763267517,0.8289039134979248,0.5121532082557678,0.6647129654884338,0.4845982491970062,1
63,0.32622870802879333,0.6780166625976562,0.7475002408027649,0.5804355144500732,0.6620775461196899,0.5937328934669495,0.32622870802879333,0.6780166625976562,0.7475002408027649,0.5804355144500732,0.6620775461196899,0.5937328934669495,1
61,0.4633110463619232,0.6101182103157043,0.6063783168792725,0.4503476321697235,0.8239367008209229,0.5150580406188965,0.4633110463619232,0.6101182103157043,0.6063783168792725,0.4503476321697235,0.8239367008209229,0.5150580406188965,1
55,0.34371522068977356,0.6366318464279175,0.480365514755249,0.6085391044616699,0.5765364766120911,0.6035721898078918,0.34371522068977356,0.6366318464279175,0.480365514755249,0.6085391044616699,0.5765364766120911,0.6035721898078918,1
78,0.4960605502128601,0.32170647382736206,0.6046455502510071,0.26221755146980286,0.7391594052314758,0.23672354221343994,0.4960605502128601,0.32170647382736206,0.6046455502510071,0.26221755146980286,0.7391594052314758,0.23672354221343994,1
187,0.21904531121253967,0.6969802975654602,0.3273780345916748,0.8353468775749207,0.32464876770973206,0.8991324305534363,0.21904531121253967,0.6969802975654602,0.3273780345916748,0.8353468775749207,0.32464876770973206,0.8991324305534363,0
135,0.4948367476463318,0.33747899532318115,0.4591190218925476,0.5693628787994385,0.4613717198371887,0.7428871393203735,0.4948367476463318,0.33747899532318115,0.4591190218925476,0.5693628787994385,0.4613717198371887,0.7428871393203735,0
172,0.391286164522171,0.3845067024230957,0.4183715879917145,0.5696526169776917,0.447763055562973,0.7249394655227661,0.391286164522171,0.3845067024230957,0.4183715879917145,0.5696526169776917,0.447763055562973,0.7249394655227661,0
113,0.18523241579532623,0.4678893983364105,0.3292278051376343,0.8622758984565735,0.5408530831336975,0.7844710350036621,0.18523241579532623,0.4678893983364105,0.3292278051376343,0.8622758984565735,0.5408530831336975,0.7844710350036621,0
119,0.45928430557250977,0.27621617913246155,0.47909367084503174,0.4718157947063446,0.4742002487182617,0.6183338165283203,0.45928430557250977,0.27621617913246155,0.47909367084503174,0.4718157947063446,0.4742002487182617,0.6183338165283203,0
10,0.30670663714408875,0.3819214701652527,0.5720877051353455,0.20509079098701477,0.6219311952590942,0.14408545196056366,0.30670663714408875,0.3819214701652527,0.5720877051353455,0.20509079098701477,0.6219311952590942,0.14408545196056366,1
50,0.31946462392807007,0.5057896375656128,0.5357248187065125,0.4816442131996155,0.5617197751998901,0.6252408623695374,0.31946462392807007,0.5057896375656128,0.5357248187065125,0.4816442131996155,0.5617197751998901,0.6252408623695374,1
104,0.5793119668960571,0.410592257976532,0.5931610465049744,0.5731504559516907,0.6064116954803467,0.7007656693458557,0.5793119668960571,0.410592257976532,0.5931610465049744,0.5731504559516907,0.6064116954803467,0.7007656693458557,0
96,0.4095679521560669,0.44641321897506714,0.2682933509349823,0.4016123116016388,0.277136892080307,0.48427578806877136,0.4095679521560669,0.44641321897506714,0.2682933509349823,0.4016123116016388,0.277136892080307,0.48427578806877136,0
44,0.5350346565246582,0.49443724751472473,0.6308473944664001,0.5763962864875793,0.47929006814956665,0.6608849167823792,0.5350346565246582,0.49443724751472473,0.6308473944664001,0.5763962864875793,0.47929006814956665,0.6608849167823792,1
176,0.4600083827972412,0.35035234689712524,0.4311734139919281,0.6456115245819092,0.3576435148715973,0.7780435681343079,0.4600083827972412,0.35035234689712524,0.4311734139919281,0.6456115245819092,0.3576435148715973,0.7780435681343079,0
108,0.5275533199310303,0.48589035868644714,0.5595072507858276,0.8476687669754028,0.25994497537612915,0.8121989965438843,0.5275533199310303,0.48589035868644714,0.5595072507858276,0.8476687669754028,0.25994497537612915,0.8121989965438843,0
73,0.3349180519580841,0.49948447942733765,0.6989368200302124,0.7486062049865723,0.9736517071723938,0.851525068283081,0.3349180519580841,0.49948447942733765,0.6989368200302124,0.7486062049865723,0.9736517071723938,0.851525068283081,1
32,0.4463469684123993,0.6941235661506653,0.6212115287780762,0.6576864123344421,0.5823415517807007,0.6702401638031006,0.4463469684123993,0.6941235661506653,0.6212115287780762,0.6576864123344421,0.5823415517807007,0.6702401638031006,1
143,0.6128422021865845,0.44736772775650024,0.6592597961425781,0.7794219851493835,0.5015806555747986,0.5446311235427856,0.6128422021865845,0.44736772775650024,0.6592597961425781,0.7794219851493835,0.5015806555747986,0.5446311235427856,0
38,0.37113189697265625,0.5122429132461548,0.6240295171737671,0.45123961567878723,0.6060284376144409,0.5718916654586792,0.37113189697265625,0.5122429132461548,0.6240295171737671,0.45123961567878723,0.6060284376144409,0.5718916654586792,1
82,0.34399041533470154,0.6910087466239929,0.5907652974128723,0.4538722038269043,0.6130313873291016,0.3481992483139038,0.34399041533470154,0.6910087466239929,0.5907652974128723,0.4538722038269043,0.6130313873291016,0.3481992483139038,1
157,0.28614526987075806,0.2500759959220886,0.3804994821548462,0.6528847813606262,0.3764345645904541,0.9200708270072937,0.28614526987075806,0.2500759959220886,0.3804994821548462,0.6528847813606262,0.3764345645904541,0.9200708270072937,0
24,0.8862950801849365,0.15157601237297058,1.88511323928833,0.03391744941473007,1.544455885887146,0.13725270330905914,0.8862950801849365,0.15157601237297058,1.88511323928833,0.03391744941473007,1.544455885887146,0.13725270330905914,1
107,0.6132274270057678,0.4198015630245209,0.6451693177223206,0.8087732791900635,0.483722984790802,0.7435059547424316,0.6132274270057678,0.4198015630245209,0.6451693177223206,0.8087732791900635,0.483722984790802,0.7435059547424316,0
131,0.33664175868034363,0.34678536653518677,0.37269890308380127,0.8686516880989075,0.23486031591892242,0.9182358980178833,0.33664175868034363,0.34678536653518677,0.37269890308380127,0.8686516880989075,0.23486031591892242,0.9182358980178833,0
1,0.44904038310050964,0.5564827919006348,0.3251149654388428,0.5393846035003662,0.41900545358657837,0.5424193739891052,0.44904038310050964,0.5564827919006348,0.3251149654388428,0.5393846035003662,0.41900545358657837,0.5424193739891052,1
150,0.3392843008041382,0.4746634364128113,0.40495768189430237,0.5994665622711182,0.2642596364021301,0.6424483060836792,0.3392843008041382,0.4746634364128113,0.40495768189430237,0.5994665622711182,0.2642596364021301,0.6424483060836792,0
89,0.4884320795536041,0.44578832387924194,0.4414616823196411,0.404038667678833,0.3630341589450836,0.37148866057395935,0.4884320795536041,0.44578832387924194,0.4414616823196411,0.404038667678833,0.3630341589450836,0.37148866057395935,1
64,0.35171282291412354,0.5338371396064758,0.5472698211669922,0.5827161073684692,0.5540704727172852,0.38507136702537537,0.35171282291412354,0.5338371396064758,0.5472698211669922,0.5827161073684692,0.5540704727172852,0.38507136702537537,1
163,0.20450279116630554,0.4672093987464905,0.3515303432941437,0.7110110521316528,0.5347954034805298,0.6841961145401001,0.20450279116630554,0.4672093987464905,0.3515303432941437,0.7110110521316528,0.5347954034805298,0.6841961145401001,0
116,0.46966972947120667,0.42900514602661133,0.5175222158432007,0.7319477796554565,0.3333825170993805,0.7689393162727356,0.46966972947120667,0.42900514602661133,0.5175222158432007,0.7319477796554565,0.3333825170993805,0.7689393162727356,0
101,0.4774336516857147,0.3039775788784027,0.39964309334754944,0.734090268611908,0.5965821743011475,0.7303207516670227,0.4774336516857147,0.3039775788784027,0.39964309334754944,0.734090268611908,0.5965821743011475,0.7303207516670227,0
195,0.4843241572380066,0.21341156959533691,0.4486026465892792,0.4197928011417389,0.7272331118583679,0.619660496711731,0.4843241572380066,0.21341156959533691,0.4486026465892792,0.4197928011417389,0.7272331118583679,0.619660496711731,0
84,0.5273075699806213,1.186396598815918,1.037375569343567,0.8210070133209229,1.2287044525146484,0.6402704119682312,0.5273075699806213,1.186396598815918,1.037375569343567,0.8210070133209229,1.2287044525146484,0.6402704119682312,1
92,0.673340916633606,0.338348925113678,0.5054267644882202,0.4534681439399719,0.37285497784614563,0.5338667035102844,0.673340916633606,0.338348925113678,0.5054267644882202,0.4534681439399719,0.37285497784614563,0.5338667035102844,0
114,0.4197774827480316,0.41841384768486023,0.5032176375389099,0.8019527792930603,0.5805721282958984,0.6955283880233765,0.4197774827480316,0.41841384768486023,0.5032176375389099,0.8019527792930603,0.5805721282958984,0.6955283880233765,0
153,0.4079831540584564,0.20953482389450073,0.4563636779785156,0.41583535075187683,0.4555736780166626,0.591931164264679,0.4079831540584564,0.20953482389450073,0.4563636779785156,0.41583535075187683,0.4555736780166626,0.591931164264679,0
182,0.3000803589820862,1.1572552919387817,0.3559601902961731,1.4609880447387695,0.3583964407444,1.6483219861984253,0.3000803589820862,1.1572552919387817,0.3559601902961731,1.4609880447387695,0.3583964407444,1.6483219861984253,0
23,0.8717984557151794,-0.003154345788061619,1.7131832838058472,-0.017952585592865944,2.3279776573181152,0.17441557347774506,0.8717984557151794,-0.003154345788061619,1.7131832838058472,-0.017952585592865944,2.3279776573181152,0.17441557347774506,1
148,0.44672828912734985,0.38270628452301025,0.4517677128314972,0.7315073609352112,0.4910890460014343,0.6593458652496338,0.44672828912734985,0.38270628452301025,0.4517677128314972,0.7315073609352112,0.4910890460014343,0.6593458652496338,0
194,0.3919585347175598,0.2322056144475937,0.40571725368499756,0.5706289410591125,0.39513230323791504,0.7474502921104431,0.3919585347175598,0.2322056144475937,0.40571725368499756,0.5706289410591125,0.39513230323791504,0.7474502921104431,0
166,0.4711207449436188,0.35436564683914185,0.5218836069107056,0.7981753349304199,0.32266396284103394,0.8399854302406311,0.4711207449436188,0.35436564683914185,0.5218836069107056,0.7981753349304199,0.32266396284103394,0.8399854302406311,0
156,0.11249446123838425,0.36257708072662354,0.24647636711597443,0.7357648015022278,0.2728163003921509,0.9112379550933838,0.11249446123838425,0.36257708072662354,0.24647636711597443,0.7357648015022278,0.2728163003921509,0.9112379550933838,0
21,-0.25908640027046204,0.7346803545951843,0.7360950112342834,0.738079309463501,0.731777012348175,0.7168986201286316,-0.25908640027046204,0.7346803545951843,0.7360950112342834,0.738079309463501,0.731777012348175,0.7168986201286316,1
132,0.28681063652038574,0.8780302405357361,0.3045816719532013,1.2836697101593018,0.322579026222229,0.911128044128418,0.28681063652038574,0.8780302405357361,0.3045816719532013,1.2836697101593018,0.322579026222229,0.911128044128418,0
186,0.457092821598053,0.6753846406936646,0.5138258337974548,1.3568682670593262,0.5352226495742798,2.2051351070404053,0.457092821598053,0.6753846406936646,0.5138258337974548,1.3568682670593262,0.5352226495742798,2.2051351070404053,0
106,0.5096662640571594,0.4219926595687866,0.5905389785766602,0.782030463218689,0.5230090618133545,0.8786250948905945,0.5096662640571594,0.4219926595687866,0.5905389785766602,0.782030463218689,0.5230090618133545,0.8786250948905945,0
83,0.4855692386627197,0.7811472415924072,0.768062174320221,0.5488770604133606,0.7685149312019348,0.4611763060092926,0.4855692386627197,0.7811472415924072,0.768062174320221,0.5488770604133606,0.7685149312019348,0.4611763060092926,1
165,0.47113528847694397,0.34875229001045227,0.5218840837478638,0.7743597030639648,0.3423622250556946,0.8321215510368347,0.47113528847694397,0.34875229001045227,0.5218840837478638,0.7743597030639648,0.3423622250556946,0.8321215510368347,0
112,0.18890076875686646,0.5535171031951904,0.3427850306034088,0.9795016646385193,0.515042781829834,1.4730958938598633,0.18890076875686646,0.5535171031951904,0.3427850306034088,0.9795016646385193,0.515042781829834,1.4730958938598633,0
188,0.3455559015274048,0.4229513108730316,0.387168288230896,0.7923498153686523,0.5722360014915466,0.6114248633384705,0.3455559015274048,0.4229513108730316,0.387168288230896,0.7923498153686523,0.5722360014915466,0.6114248633384705,0
102,0.31624874472618103,0.5624961256980896,0.274684339761734,0.7486633062362671,0.3369865417480469,0.7159196138381958,0.31624874472618103,0.5624961256980896,0.274684339761734,0.7486633062362671,0.3369865417480469,0.7159196138381958,0
74,0.6032733917236328,0.366608202457428,0.7492914199829102,0.4511396586894989,0.6897451281547546,0.5893861055374146,0.6032733917236328,0.366608202457428,0.7492914199829102,0.4511396586894989,0.6897451281547546,0.5893861055374146,1
109,0.3517341911792755,0.4550902545452118,0.42716288566589355,0.8366172909736633,0.18161983788013458,0.6040892004966736,0.3517341911792755,0.4550902545452118,0.42716288566589355,0.8366172909736633,0.18161983788013458,0.6040892004966736,0
28,0.22557392716407776,0.14381960034370422,0.3725310266017914,0.22771254181861877,0.451847642660141,0.32288575172424316,0.22557392716407776,0.14381960034370422,0.3725310266017914,0.22771254181861877,0.451847642660141,0.32288575172424316,1
141,0.6656146049499512,0.4113461971282959,0.7511154413223267,0.7216277122497559,0.5305305123329163,0.5339403748512268,0.6656146049499512,0.4113461971282959,0.7511154413223267,0.7216277122497559,0.5305305123329163,0.5339403748512268,0
27,0.17526717483997345,0.5574164390563965,0.2018314152956009,0.7006258368492126,0.28268828988075256,0.6663939356803894,0.17526717483997345,0.5574164390563965,0.2018314152956009,0.7006258368492126,0.28268828988075256,0.6663939356803894,1
52,0.40188220143318176,0.5079298615455627,0.40387094020843506,0.49065330624580383,0.41725030541419983,0.4571610689163208,0.40188220143318176,0.5079298615455627,0.40387094020843506,0.49065330624580383,0.41725030541419983,0.4571610689163208,1
30,0.4367161989212036,0.7347732186317444,0.5944821238517761,0.6817691922187805,0.5510005950927734,0.6148164868354797,0.4367161989212036,0.7347732186317444,0.5944821238517761,0.6817691922187805,0.5510005950927734,0.6148164868354797,1
11,0.48556625843048096,0.6625019907951355,0.7093666791915894,0.5998625159263611,0.6440476179122925,0.7475778460502625,0.48556625843048096,0.6625019907951355,0.7093666791915894,0.5998625159263611,0.6440476179122925,0.7475778460502625,1
133,0.2286563664674759,0.7777822017669678,0.26310795545578003,1.5227526426315308,0.3140901029109955,1.3111072778701782,0.2286563664674759,0.7777822017669678,0.26310795545578003,1.5227526426315308,0.3140901029109955,1.3111072778701782,0
171,0.5430287718772888,0.5316564440727234,0.5623074769973755,0.7600037455558777,0.4871574640274048,0.7744857668876648,0.5430287718772888,0.5316564440727234,0.5623074769973755,0.7600037455558777,0.4871574640274048,0.7744857668876648,0
90,0.5304787755012512,0.38104644417762756,0.5034429430961609,0.3475039303302765,0.5449643731117249,0.4587689936161041,0.5304787755012512,0.38104644417762756,0.5034429430961609,0.3475039303302765,0.5449643731117249,0.4587689936161041,1
13,0.08215706050395966,0.40436241030693054,0.6733450889587402,0.45779845118522644,0.6741241216659546,0.7887928485870361,0.08215706050395966,0.40436241030693054,0.6733450889587402,0.45779845118522644,0.6741241216659546,0.7887928485870361,1
193,0.3022780120372772,0.48527267575263977,0.31841841340065,0.8937089443206787,0.18290330469608307,1.1569904088974,0.3022780120372772,0.48527267575263977,0.31841841340065,0.8937089443206787,0.18290330469608307,1.1569904088974,0
110,0.2789824604988098,0.31621816754341125,0.36406174302101135,0.588365912437439,0.2843404710292816,0.5633470416069031,0.2789824604988098,0.31621816754341125,0.36406174302101135,0.588365912437439,0.2843404710292816,0.5633470416069031,0
45,0.5387195944786072,0.371837854385376,0.6476267576217651,0.3977987468242645,0.3860735595226288,0.5539934039115906,0.5387195944786072,0.371837854385376,0.6476267576217651,0.3977987468242645,0.3860735595226288,0.5539934039115906,1
185,0.2881500720977783,0.40756097435951233,0.42352890968322754,0.824422299861908,0.43528181314468384,1.1237151622772217,0.2881500720977783,0.40756097435951233,0.42352890968322754,0.824422299861908,0.43528181314468384,1.1237151622772217,0
54,0.18126468360424042,0.6787829399108887,0.3743065893650055,0.5508856773376465,0.5065365433692932,0.557236909866333,0.18126468360424042,0.6787829399108887,0.3743065893650055,0.5508856773376465,0.5065365433692932,0.557236909866333,1
48,0.4633849263191223,0.5331209301948547,0.5725855827331543,0.5679675340652466,0.6413800716400146,0.5408794283866882,0.4633849263191223,0.5331209301948547,0.5725855827331543,0.5679675340652466,0.6413800716400146,0.5408794283866882,1
121,0.45125457644462585,0.3812791705131531,0.4714936912059784,0.5939202904701233,0.4606171250343323,0.757989764213562,0.45125457644462585,0.3812791705131531,0.4714936912059784,0.5939202904701233,0.4606171250343323,0.757989764213562,0
142,0.6857585906982422,0.3968844711780548,0.743772029876709,0.7971728444099426,0.5195187330245972,0.5498486757278442,0.6857585906982422,0.3968844711780548,0.743772029876709,0.7971728444099426,0.5195187330245972,0.5498486757278442,0
118,0.2517714500427246,0.3593040704727173,0.2931888699531555,0.7088596820831299,0.21553421020507812,0.7087889909744263,0.2517714500427246,0.3593040704727173,0.2931888699531555,0.7088596820831299,0.21553421020507812,0.7087889909744263,0
20,0.6490684151649475,1.0328469276428223,1.0213227272033691,0.9029996395111084,1.3591725826263428,0.8297026753425598,0.6490684151649475,1.0328469276428223,1.0213227272033691,0.9029996395111084,1.3591725826263428,0.8297026753425598,1
43,0.33122095465660095,0.5300520658493042,0.5051862001419067,0.622310996055603,0.3829777240753174,0.5440028309822083,0.33122095465660095,0.5300520658493042,0.5051862001419067,0.622310996055603,0.3829777240753174,0.5440028309822083,1
160,0.5207983255386353,0.2511664032936096,0.5192539691925049,0.4920881390571594,0.5682770013809204,0.6702227592468262,0.5207983255386353,0.2511664032936096,0.5192539691925049,0.4920881390571594,0.5682770013809204,0.6702227592468262,0
125,0.33836284279823303,0.402531236410141,0.3971893787384033,0.5908718109130859,0.30507025122642517,0.44954049587249756,0.33836284279823303,0.402531236410141,0.3971893787384033,0.5908718109130859,0.30507025122642517,0.44954049587249756,0
129,0.22025154531002045,0.7817081212997437,0.289102703332901,1.2048770189285278,0.31570228934288025,1.3957892656326294,0.22025154531002045,0.7817081212997437,0.289102703332901,1.2048770189285278,0.31570228934288025,1.3957892656326294,0
75,0.3337595462799072,0.6746301651000977,0.6267555952072144,0.7107570171356201,0.5486699938774109,0.4499896764755249,0.3337595462799072,0.6746301651000977,0.6267555952072144,0.7107570171356201,0.5486699938774109,0.4499896764755249,1
122,0.6099499464035034,0.4083818197250366,0.5665696859359741,0.6073452830314636,0.5943912863731384,0.684934675693512,0.6099499464035034,0.4083818197250366,0.5665696859359741,0.6073452830314636,0.5943912863731384,0.684934675693512,0
192,0.6337193250656128,0.3297085762023926,0.6424840092658997,0.5116521120071411,0.536338210105896,0.4337364435195923,0.6337193250656128,0.3297085762023926,0.6424840092658997,0.5116521120071411,0.536338210105896,0.4337364435195923,0
72,0.6308839321136475,0.5387687683105469,0.6085531115531921,0.5686286091804504,0.44245976209640503,0.517533004283905,0.6308839321136475,0.5387687683105469,0.6085531115531921,0.5686286091804504,0.44245976209640503,0.517533004283905,1
97,0.27839258313179016,0.7709631323814392,0.235813170671463,0.771027684211731,0.2585749924182892,0.607173502445221,0.27839258313179016,0.7709631323814392,0.235813170671463,0.771027684211731,0.2585749924182892,0.607173502445221,0
25,1.0216628313064575,0.6340354681015015,1.9066675901412964,0.6269652843475342,1.402868628501892,0.764417827129364,1.0216628313064575,0.6340354681015015,1.9066675901412964,0.6269652843475342,1.402868628501892,0.764417827129364,1
